sample_id,molecule,oh1_length_A,oh2_length_A,hoh_angle_deg,reference_method,basis,hf_energy_Ha,fci_energy_Ha,total_energy_eV,relative_energy_eV,split,scf_converged,fci_converged,pyscf_version,n_electrons,n_spatial_orbitals,n_spin_orbitals
h2o-0000,H2O,0.75,0.75,80.0,FCI,sto-3g,-74.71065222054523,-74.74286556625502,-2033.8569840553218,7.6096003196462085,train,True,True,2.13.1,10,7,14
h2o-0001,H2O,0.75,0.75,85.0,FCI,sto-3g,-74.72676199291654,-74.75811545554458,-2034.2719546829887,7.194629691979338,train,True,True,2.13.1,10,7,14
h2o-0002,H2O,0.75,0.75,90.0,FCI,sto-3g,-74.73904494936167,-74.76959655679293,-2034.5843713635868,6.882213011381191,test,True,True,2.13.1,10,7,14
h2o-0003,H2O,0.75,0.75,95.0,FCI,sto-3g,-74.74798615451462,-74.77780650095312,-2034.8077753251878,6.658809049780389,test,True,True,2.13.1,10,7,14
h2o-0004,H2O,0.75,0.75,100.0,FCI,sto-3g,-74.75401284303646,-74.78317731759368,-2034.9539226912505,6.512661683717619,train,True,True,2.13.1,10,7,14
h2o-0005,H2O,0.75,0.75,105.0,FCI,sto-3g,-74.75751016878455,-74.78609316373219,-2035.0332669067593,6.433317468208843,train,True,True,2.13.1,10,7,14
h2o-0006,H2O,0.75,0.75,110.0,FCI,sto-3g,-74.75883237693961,-74.78690308481605,-2035.0553059822007,6.411278392767253,train,True,True,2.13.1,10,7,14
h2o-0007,H2O,0.75,0.75,115.0,FCI,sto-3g,-74.75831086851349,-74.7859303844825,-2035.028837457723,6.4377469172450414,train,True,True,2.13.1,10,7,14
h2o-0008,H2O,0.75,0.75,120.0,FCI,sto-3g,-74.75626014776778,-74.78347969480352,-2034.9621507942993,6.504433580668828,test,True,True,2.13.1,10,7,14
h2o-0009,H2O,0.75,0.75,125.0,FCI,sto-3g,-74.75298218327076,-74.77984236687755,-2034.8631740592023,6.603410315765772,train,True,True,2.13.1,10,7,14
h2o-0010,H2O,0.75,0.75,130.0,FCI,sto-3g,-74.74876933778592,-74.77530040957623,-2034.7395811047634,6.727003270204597,train,True,True,2.13.1,10,7,14
h2o-0011,H2O,0.75,0.85,80.0,FCI,sto-3g,-74.793700227915,-74.83073402823848,-2036.2480067131946,5.218577661773324,train,True,True,2.13.1,10,7,14
h2o-0012,H2O,0.75,0.85,85.0,FCI,sto-3g,-74.8077898861593,-74.8438470352234,-2036.6048298111077,4.8617545638602335,train,True,True,2.13.1,10,7,14
h2o-0013,H2O,0.75,0.85,90.0,FCI,sto-3g,-74.81836670542612,-74.85351049356635,-2036.8677859085496,4.5987984664184225,train,True,True,2.13.1,10,7,14
h2o-0014,H2O,0.75,0.85,95.0,FCI,sto-3g,-74.8258226515498,-74.86013162193493,-2037.0479559899713,4.4186283849967545,train,True,True,2.13.1,10,7,14
h2o-0015,H2O,0.75,0.85,100.0,FCI,sto-3g,-74.83050918727417,-74.86406781181975,-2037.1550651732648,4.311519201703215,train,True,True,2.13.1,10,7,14
h2o-0016,H2O,0.75,0.85,105.0,FCI,sto-3g,-74.83275019707294,-74.86564186605874,-2037.197897371134,4.268687003834022,validation,True,True,2.13.1,10,7,14
h2o-0017,H2O,0.75,0.85,110.0,FCI,sto-3g,-74.83285106972376,-74.86515287538889,-2037.184591257146,4.281993117822018,train,True,True,2.13.1,10,7,14
h2o-0018,H2O,0.75,0.85,115.0,FCI,sto-3g,-74.83110548504145,-74.86288441960986,-2037.1228634307608,4.343720944207184,train,True,True,2.13.1,10,7,14
h2o-0019,H2O,0.75,0.85,120.0,FCI,sto-3g,-74.82780083360213,-74.859111163595,-2037.0201879039357,4.446396471032338,train,True,True,2.13.1,10,7,14
h2o-0020,H2O,0.75,0.85,125.0,FCI,sto-3g,-74.82322264756917,-74.85410437559564,-2036.8839462618332,4.5826381131347915,train,True,True,2.13.1,10,7,14
h2o-0021,H2O,0.75,0.85,130.0,FCI,sto-3g,-74.81765798293553,-74.8481364676256,-2036.7215512129799,4.7450331619882204,train,True,True,2.13.1,10,7,14
h2o-0022,H2O,0.75,0.95,80.0,FCI,sto-3g,-74.82440979983153,-74.86726755466697,-2037.2421346117683,4.224449763199804,validation,True,True,2.13.1,10,7,14
h2o-0023,H2O,0.75,0.95,85.0,FCI,sto-3g,-74.83652138032856,-74.87827872821313,-2037.5417639081545,3.9248204668134816,test,True,True,2.13.1,10,7,14
h2o-0024,H2O,0.75,0.95,90.0,FCI,sto-3g,-74.84544328434521,-74.88617090085071,-2037.7565208661158,3.7100635088522074,train,True,True,2.13.1,10,7,14
h2o-0025,H2O,0.75,0.95,95.0,FCI,sto-3g,-74.85147969459568,-74.89126631669701,-2037.8951741947935,3.5714101801746487,train,True,True,2.13.1,10,7,14
h2o-0026,H2O,0.75,0.95,100.0,FCI,sto-3g,-74.85491195140192,-74.89385337403424,-2037.965571611237,3.5010127637309543,train,True,True,2.13.1,10,7,14
h2o-0027,H2O,0.75,0.95,105.0,FCI,sto-3g,-74.85600686149162,-74.89419756830148,-2037.9749376143866,3.491646760581366,train,True,True,2.13.1,10,7,14
h2o-0028,H2O,0.75,0.95,110.0,FCI,sto-3g,-74.85502279642661,-74.89254958551732,-2037.93009371832,3.5364906566479792,train,True,True,2.13.1,10,7,14
h2o-0029,H2O,0.75,0.95,115.0,FCI,sto-3g,-74.85221483357515,-74.88915193442455,-2037.8376389221057,3.628945452862411,train,True,True,2.13.1,10,7,14
h2o-0030,H2O,0.75,0.95,120.0,FCI,sto-3g,-74.84783958417538,-74.8842449230327,-2037.7041123398085,3.7624720351595142,validation,True,True,2.13.1,10,7,14
h2o-0031,H2O,0.75,0.95,125.0,FCI,sto-3g,-74.84215986025504,-74.87807233295992,-2037.5361476072,3.930436767768065,train,True,True,2.13.1,10,7,14
h2o-0032,H2O,0.75,0.95,130.0,FCI,sto-3g,-74.8354489377258,-74.87088680677917,-2037.340619478915,4.1259648960530715,train,True,True,2.13.1,10,7,14
h2o-0033,H2O,0.75,1.05,80.0,FCI,sto-3g,-74.82514249753358,-74.87503739151268,-2037.4535626432453,4.013021731722862,train,True,True,2.13.1,10,7,14
h2o-0034,H2O,0.75,1.05,85.0,FCI,sto-3g,-74.83542332576148,-74.88409297680936,-2037.6999776724367,3.7666067025314476,train,True,True,2.13.1,10,7,14
h2o-0035,H2O,0.75,1.05,90.0,FCI,sto-3g,-74.84283124083125,-74.89035669591583,-2037.8704221523792,3.5961622225888923,test,True,True,2.13.1,10,7,14
h2o-0036,H2O,0.75,1.05,95.0,FCI,sto-3g,-74.84759414408396,-74.89407748147688,-2037.9716698854197,3.494914489548462,train,True,True,2.13.1,10,7,14
h2o-0037,H2O,0.75,1.05,100.0,FCI,sto-3g,-74.84993148095559,-74.8954830045602,-2038.0099161169176,3.4566682580505685,train,True,True,2.13.1,10,7,14
h2o-0038,H2O,0.75,1.05,105.0,FCI,sto-3g,-74.85005815495637,-74.89478654642618,-2037.9909645256282,3.475619849339815,train,True,True,2.13.1,10,7,14
h2o-0039,H2O,0.75,1.05,110.0,FCI,sto-3g,-74.84818790226356,-74.89219255871052,-2037.9203785239802,3.5462058509878784,train,True,True,2.13.1,10,7,14
h2o-0040,H2O,0.75,1.05,115.0,FCI,sto-3g,-74.84453693213393,-74.88790181780045,-2037.803621515795,3.6629628591731187,train,True,True,2.13.1,10,7,14
h2o-0041,H2O,0.75,1.05,120.0,FCI,sto-3g,-74.83932817458583,-74.88211667489455,-2037.6461997576941,3.8203846172739926,train,True,True,2.13.1,10,7,14
h2o-0042,H2O,0.75,1.05,125.0,FCI,sto-3g,-74.83279614264245,-74.87504663936593,-2037.4538142901522,4.012770084815953,train,True,True,2.13.1,10,7,14
h2o-0043,H2O,0.75,1.05,130.0,FCI,sto-3g,-74.82519214005636,-74.86691436036776,-2037.2325237052726,4.234060669695443,test,True,True,2.13.1,10,7,14
h2o-0044,H2O,0.75,1.15,80.0,FCI,sto-3g,-74.80855475394527,-74.86688827245557,-2037.2318138170176,4.234770557950385,train,True,True,2.13.1,10,7,14
h2o-0045,H2O,0.75,1.15,85.0,FCI,sto-3g,-74.81719882935381,-74.87419127371089,-2037.4305386049311,4.036045770036849,train,True,True,2.13.1,10,7,14
h2o-0046,H2O,0.75,1.15,90.0,FCI,sto-3g,-74.82327335538399,-74.87902035710883,-2037.5619446584865,3.90463971648151,train,True,True,2.13.1,10,7,14
h2o-0047,H2O,0.75,1.15,95.0,FCI,sto-3g,-74.8269421652524,-74.88156359231492,-2037.6311496139938,3.835434760974191,validation,True,True,2.13.1,10,7,14
h2o-0048,H2O,0.75,1.15,100.0,FCI,sto-3g,-74.82837107250485,-74.88199643058611,-2037.6429277433733,3.823656631594667,train,True,True,2.13.1,10,7,14
h2o-0049,H2O,0.75,1.15,105.0,FCI,sto-3g,-74.82772846036409,-74.88048556372354,-2037.6018149616095,3.8647694133584403,train,True,True,2.13.1,10,7,14
h2o-0050,H2O,0.75,1.15,110.0,FCI,sto-3g,-74.82518652929959,-74.87719250910602,-2037.5122063804833,3.95437799448478,validation,True,True,2.13.1,10,7,14
h2o-0051,H2O,0.75,1.15,115.0,FCI,sto-3g,-74.82092362088152,-74.87227738730081,-2037.3784591025956,4.088125272372473,train,True,True,2.13.1,10,7,14
h2o-0052,H2O,0.75,1.15,120.0,FCI,sto-3g,-74.81512775367074,-74.86590316001255,-2037.205007541835,4.261576833133089,train,True,True,2.13.1,10,7,14
h2o-0053,H2O,0.75,1.15,125.0,FCI,sto-3g,-74.80800134893666,-74.8582405143676,-2036.996496331524,4.470088043444125,train,True,True,2.13.1,10,7,14
h2o-0054,H2O,0.75,1.15,130.0,FCI,sto-3g,-74.79976699975452,-74.84947357564315,-2036.7579357756981,4.708648599270013,test,True,True,2.13.1,10,7,14
h2o-0055,H2O,0.75,1.25,80.0,FCI,sto-3g,-74.78231499947043,-74.85063911454678,-2036.7896517049896,4.676932669978478,validation,True,True,2.13.1,10,7,14
h2o-0056,H2O,0.75,1.25,85.0,FCI,sto-3g,-74.78953081782045,-74.85642018014309,-2036.9469625138443,4.519621861123906,train,True,True,2.13.1,10,7,14
h2o-0057,H2O,0.75,1.25,90.0,FCI,sto-3g,-74.79446157025271,-74.86003208315708,-2037.045247401841,4.4213369731271746,train,True,True,2.13.1,10,7,14
h2o-0058,H2O,0.75,1.25,95.0,FCI,sto-3g,-74.79721839039446,-74.8616137827091,-2037.088287639276,4.378296735692061,validation,True,True,2.13.1,10,7,14
h2o-0059,H2O,0.75,1.25,100.0,FCI,sto-3g,-74.79792152062386,-74.86129723885097,-2037.0796740420885,4.386910332879524,train,True,True,2.13.1,10,7,14
h2o-0060,H2O,0.75,1.25,105.0,FCI,sto-3g,-74.79669867513327,-74.85920931547885,-2037.0228587527579,4.4437256222101995,validation,True,True,2.13.1,10,7,14
h2o-0061,H2O,0.75,1.25,110.0,FCI,sto-3g,-74.79368469454495,-74.85547388041945,-2036.9212123865598,4.545371988408262,train,True,True,2.13.1,10,7,14
h2o-0062,H2O,0.75,1.25,115.0,FCI,sto-3g,-74.78902266432189,-74.85021426209116,-2036.7780908807222,4.688493494245997,train,True,True,2.13.1,10,7,14
h2o-0063,H2O,0.75,1.25,120.0,FCI,sto-3g,-74.78286652621344,-74.84355616207851,-2036.5969147496137,4.869669625354453,train,True,True,2.13.1,10,7,14
h2o-0064,H2O,0.75,1.25,125.0,FCI,sto-3g,-74.77538518846134,-74.83563114030265,-2036.3812639210628,5.08532045390528,train,True,True,2.13.1,10,7,14
h2o-0065,H2O,0.75,1.25,130.0,FCI,sto-3g,-74.76676815898917,-74.82658087271079,-2036.134993593991,5.3315907809769305,train,True,True,2.13.1,10,7,14
h2o-0066,H2O,0.85,0.85,80.0,FCI,sto-3g,-74.87699841945916,-74.91892650826503,-2038.6478463511887,2.818738023779305,train,True,True,2.13.1,10,7,14
h2o-0067,H2O,0.85,0.85,85.0,FCI,sto-3g,-74.88960177950702,-74.93045960330261,-2038.961677854868,2.5049065201000875,train,True,True,2.13.1,10,7,14
h2o-0068,H2O,0.85,0.85,90.0,FCI,sto-3g,-74.89888345565303,-74.93873460063256,-2039.1868520033977,2.279732371570339,train,True,True,2.13.1,10,7,14
h2o-0069,H2O,0.85,0.85,95.0,FCI,sto-3g,-74.90517036852819,-74.94409867528181,-2039.3328159105308,2.133768464437271,train,True,True,2.13.1,10,7,14
h2o-0070,H2O,0.85,0.85,100.0,FCI,sto-3g,-74.90876076912058,-74.94685858292912,-2039.4079168235253,2.0586675514428836,train,True,True,2.13.1,10,7,14
h2o-0071,H2O,0.85,0.85,105.0,FCI,sto-3g,-74.90993479799877,-74.94729412467146,-2039.419768518102,2.0468158568659804,train,True,True,2.13.1,10,7,14
h2o-0072,H2O,0.85,0.85,110.0,FCI,sto-3g,-74.90896191123815,-74.94566775942891,-2039.3755128653102,2.0910715096578865,train,True,True,2.13.1,10,7,14
h2o-0073,H2O,0.85,0.85,115.0,FCI,sto-3g,-74.9061068558972,-74.94223220109609,-2039.282026560545,2.1845578144230084,train,True,True,2.13.1,10,7,14
h2o-0074,H2O,0.85,0.85,120.0,FCI,sto-3g,-74.90163507893632,-74.9372370601779,-2039.1461018516673,2.3204825233008246,validation,True,True,2.13.1,10,7,14
h2o-0075,H2O,0.85,0.85,125.0,FCI,sto-3g,-74.89581784027642,-74.93093501292253,-2038.9746144096607,2.4919699653072898,test,True,True,2.13.1,10,7,14
h2o-0076,H2O,0.85,0.85,130.0,FCI,sto-3g,-74.88893683295967,-74.92358756614325,-2038.774680197428,2.6919041775400583,train,True,True,2.13.1,10,7,14
h2o-0077,H2O,0.85,0.95,80.0,FCI,sto-3g,-74.90803820782865,-74.95585758069231,-2039.652792027486,1.8137923474820496,train,True,True,2.13.1,10,7,14
h2o-0078,H2O,0.85,0.95,85.0,FCI,sto-3g,-74.91909392276825,-74.96574773433038,-2039.9219168181637,1.544667556804418,validation,True,True,2.13.1,10,7,14
h2o-0079,H2O,0.85,0.95,90.0,FCI,sto-3g,-74.92706204388867,-74.97261553207736,-2040.108799115316,1.3577852596520859,train,True,True,2.13.1,10,7,14
h2o-0080,H2O,0.85,0.95,95.0,FCI,sto-3g,-74.93220232932973,-74.97674659642998,-2040.2212111030221,1.2453732719459043,train,True,True,2.13.1,10,7,14
h2o-0081,H2O,0.85,0.95,100.0,FCI,sto-3g,-74.93475924173046,-74.97839676788668,-2040.2661145559025,1.2004698190654608,train,True,True,2.13.1,10,7,14
h2o-0082,H2O,0.85,0.95,105.0,FCI,sto-3g,-74.93496830329609,-74.9778020556711,-2040.2499316120995,1.2166527628686294,train,True,True,2.13.1,10,7,14
h2o-0083,H2O,0.85,0.95,110.0,FCI,sto-3g,-74.9330609104619,-74.97518609682103,-2040.1787477454266,1.2878366295415444,validation,True,True,2.13.1,10,7,14
h2o-0084,H2O,0.85,0.95,115.0,FCI,sto-3g,-74.92926896398178,-74.97076662067515,-2040.0584876730159,1.4080967019521244,train,True,True,2.13.1,10,7,14
h2o-0085,H2O,0.85,0.95,120.0,FCI,sto-3g,-74.92382992570967,-74.96476172482173,-2039.8950861325816,1.5714982423865347,validation,True,True,2.13.1,10,7,14
h2o-0086,H2O,0.85,0.95,125.0,FCI,sto-3g,-74.9169924213453,-74.95739633798681,-2039.6946637465653,1.77192062840265,train,True,True,2.13.1,10,7,14
h2o-0087,H2O,0.85,0.95,130.0,FCI,sto-3g,-74.9090221432146,-74.94890897381174,-2039.4637108017873,2.002873573180775,train,True,True,2.13.1,10,7,14
h2o-0088,H2O,0.85,1.05,80.0,FCI,sto-3g,-74.90919761213422,-74.96411060289898,-2039.8773682024485,1.589216172519536,train,True,True,2.13.1,10,7,14
h2o-0089,H2O,0.85,1.05,85.0,FCI,sto-3g,-74.91874558667196,-74.97240207198793,-2040.1029905703745,1.3635938045935754,test,True,True,2.13.1,10,7,14
h2o-0090,H2O,0.85,1.05,90.0,FCI,sto-3g,-74.92546497226849,-74.97793443038786,-2040.2535337116462,1.2130506633217764,train,True,True,2.13.1,10,7,14
h2o-0091,H2O,0.85,1.05,95.0,FCI,sto-3g,-74.92955232660451,-74.98093624119781,-2040.335217145033,1.1313672299348905,train,True,True,2.13.1,10,7,14
h2o-0092,H2O,0.85,1.05,100.0,FCI,sto-3g,-74.93120089410249,-74.98161532744385,-2040.3536960231684,1.1128883517996193,test,True,True,2.13.1,10,7,14
h2o-0093,H2O,0.85,1.05,105.0,FCI,sto-3g,-74.93060266548981,-74.98016520061881,-2040.3142360620268,1.1523483129412933,train,True,True,2.13.1,10,7,14
h2o-0094,H2O,0.85,1.05,110.0,FCI,sto-3g,-74.92795056333921,-74.97677038441626,-2040.2218584071047,1.24472596786324,train,True,True,2.13.1,10,7,14
h2o-0095,H2O,0.85,1.05,115.0,FCI,sto-3g,-74.92344158076743,-74.97161157787528,-2040.08148012975,1.3851042452180675,train,True,True,2.13.1,10,7,14
h2o-0096,H2O,0.85,1.05,120.0,FCI,sto-3g,-74.91728116839451,-74.96487115392407,-2039.8980638501519,1.568520524816269,train,True,True,2.13.1,10,7,14
h2o-0097,H2O,0.85,1.05,125.0,FCI,sto-3g,-74.90968888982708,-74.9567392792981,-2039.676784268801,1.7898001061672095,test,True,True,2.13.1,10,7,14
h2o-0098,H2O,0.85,1.05,130.0,FCI,sto-3g,-74.90090518388499,-74.94742086450323,-2039.423217284617,2.043367090350914,test,True,True,2.13.1,10,7,14
h2o-0099,H2O,0.85,1.15,80.0,FCI,sto-3g,-74.89311291988479,-74.95650234366356,-2039.6703369217337,1.796247453234302,train,True,True,2.13.1,10,7,14
h2o-0100,H2O,0.85,1.15,85.0,FCI,sto-3g,-74.90125316804854,-74.96330885539206,-2039.8555515413657,1.6110328336022746,train,True,True,2.13.1,10,7,14
h2o-0101,H2O,0.85,1.15,90.0,FCI,sto-3g,-74.90683477508178,-74.9676346709571,-2039.9732629795349,1.4933213954330862,train,True,True,2.13.1,10,7,14
h2o-0102,H2O,0.85,1.15,95.0,FCI,sto-3g,-74.90999760129257,-74.96965826712756,-2040.0283278365353,1.438256538432797,train,True,True,2.13.1,10,7,14
h2o-0103,H2O,0.85,1.15,100.0,FCI,sto-3g,-74.91088783090487,-74.96954413541465,-2040.0252221544124,1.4413622205555827,train,True,True,2.13.1,10,7,14
h2o-0104,H2O,0.85,1.15,105.0,FCI,sto-3g,-74.90965651097491,-74.96744648703641,-2039.968142234184,1.4984421407841175,train,True,True,2.13.1,10,7,14
h2o-0105,H2O,0.85,1.15,110.0,FCI,sto-3g,-74.90645946484683,-74.96351278892654,-2039.861100855541,1.6054835194270567,train,True,True,2.13.1,10,7,14
h2o-0106,H2O,0.85,1.15,115.0,FCI,sto-3g,-74.90145891949865,-74.95788756431342,-2039.7080306958733,1.7585536790948946,train,True,True,2.13.1,10,7,14
h2o-0107,H2O,0.85,1.15,120.0,FCI,sto-3g,-74.89482688887769,-74.9507166890611,-2039.5129012396603,1.9536831353077844,train,True,True,2.13.1,10,7,14
h2o-0108,H2O,0.85,1.15,125.0,FCI,sto-3g,-74.88675028857593,-74.94215238054733,-2039.2798545327623,2.186729842205756,train,True,True,2.13.1,10,7,14
h2o-0109,H2O,0.85,1.15,130.0,FCI,sto-3g,-74.8774377679284,-74.93235914381468,-2039.0133669854317,2.4532173895362344,train,True,True,2.13.1,10,7,14
h2o-0110,H2O,0.85,1.25,80.0,FCI,sto-3g,-74.86741857562033,-74.94080830970317,-2039.24328050188,2.2233038730880286,train,True,True,2.13.1,10,7,14
h2o-0111,H2O,0.85,1.25,85.0,FCI,sto-3g,-74.87428464281098,-74.94628838290927,-2039.3924008905476,2.0741834844205216,train,True,True,2.13.1,10,7,14
h2o-0112,H2O,0.85,1.25,90.0,FCI,sto-3g,-74.87886027430342,-74.94957052278454,-2039.4817124664069,1.984871908561262,train,True,True,2.13.1,10,7,14
h2o-0113,H2O,0.85,1.25,95.0,FCI,sto-3g,-74.88123639729854,-74.95079130925207,-2039.5149317584985,1.9516526164694947,train,True,True,2.13.1,10,7,14
h2o-0114,H2O,0.85,1.25,100.0,FCI,sto-3g,-74.8815175600237,-74.9500782005534,-2039.4955270822638,1.9710572927041552,train,True,True,2.13.1,10,7,14
h2o-0115,H2O,0.85,1.25,105.0,FCI,sto-3g,-74.87981792153748,-74.94755143643569,-2039.4267703279043,2.0398140470638833,test,True,True,2.13.1,10,7,14
h2o-0116,H2O,0.85,1.25,110.0,FCI,sto-3g,-74.87625933229292,-74.94332620341247,-2039.31179588013,2.1547884948380314,test,True,True,2.13.1,10,7,14
h2o-0117,H2O,0.85,1.25,115.0,FCI,sto-3g,-74.87097150501552,-74.93751514032499,-2039.153668797957,2.312915577011197,train,True,True,2.13.1,10,7,14
h2o-0118,H2O,0.85,1.25,120.0,FCI,sto-3g,-74.86409414675502,-74.93023121610693,-2038.9554631226729,2.5111212522952733,train,True,True,2.13.1,10,7,14
h2o-0119,H2O,0.85,1.25,125.0,FCI,sto-3g,-74.85578099243318,-74.92159104799742,-2038.7203521710146,2.7462322039533715,train,True,True,2.13.1,10,7,14
h2o-0120,H2O,0.85,1.25,130.0,FCI,sto-3g,-74.84620583065043,-74.91171882073816,-2038.4517151819546,3.0148691930134106,train,True,True,2.13.1,10,7,14
h2o-0121,H2O,0.95,0.95,80.0,FCI,sto-3g,-74.9393290346506,-74.9930991474217,-2040.6661866841653,0.8003976908028235,train,True,True,2.13.1,10,7,14
h2o-0122,H2O,0.95,0.95,85.0,FCI,sto-3g,-74.94922022383999,-75.00176209079446,-2040.9019173823085,0.5646669926596599,train,True,True,2.13.1,10,7,14
h2o-0123,H2O,0.95,0.95,90.0,FCI,sto-3g,-74.95618559904283,-75.00755943780035,-2041.059671230888,0.406913144080218,train,True,True,2.13.1,10,7,14
h2o-0124,H2O,0.95,0.95,95.0,FCI,sto-3g,-74.96043488280584,-75.01073569455484,-2041.1461015802506,0.32048279471747226,train,True,True,2.13.1,10,7,14
h2o-0125,H2O,0.95,0.95,100.0,FCI,sto-3g,-74.96217211021789,-75.01151120895221,-2041.167204402057,0.29937997291116747,train,True,True,2.13.1,10,7,14
h2o-0126,H2O,0.95,0.95,105.0,FCI,sto-3g,-74.96159839965652,-75.01008972707109,-2041.128523909548,0.3380604654201065,train,True,True,2.13.1,10,7,14
h2o-0127,H2O,0.95,0.95,110.0,FCI,sto-3g,-74.95891456409471,-75.00666444342099,-2041.0353171931429,0.431267181825114,train,True,True,2.13.1,10,7,14
h2o-0128,H2O,0.95,0.95,115.0,FCI,sto-3g,-74.95432459327102,-75.00142372088985,-2040.89270986814,0.5738745068280511,train,True,True,2.13.1,10,7,14
h2o-0129,H2O,0.95,0.95,120.0,FCI,sto-3g,-74.9480403818256,-74.99455708408583,-2040.705859161855,0.7607252131131498,train,True,True,2.13.1,10,7,14
h2o-0130,H2O,0.95,0.95,125.0,FCI,sto-3g,-74.94028774745217,-74.98626181809568,-2040.4801334749839,0.9864508999841199,train,True,True,2.13.1,10,7,14
h2o-0131,H2O,0.95,0.95,130.0,FCI,sto-3g,-74.93131357455758,-74.97675039351412,-2040.2213144269456,1.2452699480225569,train,True,True,2.13.1,10,7,14
h2o-0132,H2O,0.95,1.05,80.0,FCI,sto-3g,-74.94074130557107,-75.00165395402911,-2040.8989748310191,0.5676095439489464,train,True,True,2.13.1,10,7,14
h2o-0133,H2O,0.95,1.05,85.0,FCI,sto-3g,-74.94943843986046,-75.00906856526595,-2041.1007366812487,0.3658476937194607,train,True,True,2.13.1,10,7,14
h2o-0134,H2O,0.95,1.05,90.0,FCI,sto-3g,-74.95541574134651,-75.01382034646653,-2041.230039234854,0.23654514011399463,validation,True,True,2.13.1,10,7,14
h2o-0135,H2O,0.95,1.05,95.0,FCI,sto-3g,-74.95883192950154,-75.01611268193393,-2041.292416860663,0.17416751430514027,train,True,True,2.13.1,10,7,14
h2o-0136,H2O,0.95,1.05,100.0,FCI,sto-3g,-74.95984973770771,-75.01613020011952,-2041.2928935547773,0.17369082019081453,validation,True,True,2.13.1,10,7,14
h2o-0137,H2O,0.95,1.05,105.0,FCI,sto-3g,-74.95863475423747,-75.0140437710709,-2041.2361189280605,0.23046544690759005,train,True,True,2.13.1,10,7,14
h2o-0138,H2O,0.95,1.05,110.0,FCI,sto-3g,-74.95535559348981,-75.01001500787949,-2041.1264906967654,0.3400936782027753,train,True,True,2.13.1,10,7,14
h2o-0139,H2O,0.95,1.05,115.0,FCI,sto-3g,-74.95018589358187,-75.00420093716302,-2040.968281772838,0.4983026021300803,train,True,True,2.13.1,10,7,14
h2o-0140,H2O,0.95,1.05,120.0,FCI,sto-3g,-74.94330820748334,-74.99675917424946,-2040.765781087846,0.7008032871219797,train,True,True,2.13.1,10,7,14
h2o-0141,H2O,0.95,1.05,125.0,FCI,sto-3g,-74.93491974954264,-74.98785385665315,-2040.5234550510895,0.9431293238785239,train,True,True,2.13.1,10,7,14
h2o-0142,H2O,0.95,1.05,130.0,FCI,sto-3g,-74.92523996150456,-74.97766263900358,-2040.2461378913104,1.2204464836577154,train,True,True,2.13.1,10,7,14
h2o-0143,H2O,0.95,1.15,80.0,FCI,sto-3g,-74.9249444350668,-74.99436632238799,-2040.7006682716142,0.7659161033539372,validation,True,True,2.13.1,10,7,14
h2o-0144,H2O,0.95,1.15,85.0,FCI,sto-3g,-74.93247488272908,-75.00057665347592,-2040.8696599895632,0.5969243854048613,train,True,True,2.13.1,10,7,14
h2o-0145,H2O,0.95,1.15,90.0,FCI,sto-3g,-74.93751974929755,-75.00435893095691,-2040.9725810029881,0.49400337198003336,validation,True,True,2.13.1,10,7,14
h2o-0146,H2O,0.95,1.15,95.0,FCI,sto-3g,-74.94018880808967,-75.00587823605161,-2041.0139234007454,0.45266097422256374,test,True,True,2.13.1,10,7,14
h2o-0147,H2O,0.95,1.15,100.0,FCI,sto-3g,-74.94060466535913,-75.00528545859638,-2040.997793104453,0.4687912705149861,train,True,True,2.13.1,10,7,14
h2o-0148,H2O,0.95,1.15,105.0,FCI,sto-3g,-74.93889809336427,-75.00272023335971,-2040.9279897697302,0.5385946052378462,train,True,True,2.13.1,10,7,14
h2o-0149,H2O,0.95,1.15,110.0,FCI,sto-3g,-74.93520589505337,-74.99831406172218,-2040.8080917314353,0.6584926435327044,train,True,True,2.13.1,10,7,14
h2o-0150,H2O,0.95,1.15,115.0,FCI,sto-3g,-74.92967127372336,-74.99219381086127,-2040.6415512213366,0.825033153631459,validation,True,True,2.13.1,10,7,14
h2o-0151,H2O,0.95,1.15,120.0,FCI,sto-3g,-74.922446488958,-74.98448568224201,-2040.4318023562444,1.0347820187238053,train,True,True,2.13.1,10,7,14
h2o-0152,H2O,0.95,1.15,125.0,FCI,sto-3g,-74.91369766921783,-74.97531978342882,-2040.1823855433468,1.2841988316212691,train,True,True,2.13.1,10,7,14
h2o-0153,H2O,0.95,1.15,130.0,FCI,sto-3g,-74.90361183595257,-74.96483555990903,-2039.8970952876607,1.5694890873073337,train,True,True,2.13.1,10,7,14
h2o-0154,H2O,0.95,1.25,80.0,FCI,sto-3g,-74.8995763226633,-74.97900842641765,-2040.2827586324395,1.1838257425285492,train,True,True,2.13.1,10,7,14
h2o-0155,H2O,0.95,1.25,85.0,FCI,sto-3g,-74.90600783762416,-74.98410803504711,-2040.4215260525593,1.0450583224088152,train,True,True,2.13.1,10,7,14
h2o-0156,H2O,0.95,1.25,90.0,FCI,sto-3g,-74.91020016202005,-74.98703251117641,-2040.5011051020806,0.9654792728874144,train,True,True,2.13.1,10,7,14
h2o-0157,H2O,0.95,1.25,95.0,FCI,sto-3g,-74.91221859939894,-74.98791358185898,-2040.525080256734,0.9415041182340663,train,True,True,2.13.1,10,7,14
h2o-0158,H2O,0.95,1.25,100.0,FCI,sto-3g,-74.9121487436023,-74.98687251613575,-2040.4967514152318,0.9698329597362955,train,True,True,2.13.1,10,7,14
h2o-0159,H2O,0.95,1.25,105.0,FCI,sto-3g,-74.91008905010973,-74.98402169414467,-2040.419176596914,1.0474077780539879,train,True,True,2.13.1,10,7,14
h2o-0160,H2O,0.95,1.25,110.0,FCI,sto-3g,-74.90614671603139,-74.97946667054059,-2040.2952280902637,1.1713562847043069,train,True,True,2.13.1,10,7,14
h2o-0161,H2O,0.95,1.25,115.0,FCI,sto-3g,-74.90043645081003,-74.97330860579086,-2040.127658611831,1.33892576313692,validation,True,True,2.13.1,10,7,14
h2o-0162,H2O,0.95,1.25,120.0,FCI,sto-3g,-74.89308169576694,-74.96564698147637,-2039.9191751933379,1.54740918163027,validation,True,True,2.13.1,10,7,14
h2o-0163,H2O,0.95,1.25,125.0,FCI,sto-3g,-74.88421805436555,-74.95658259175057,-2039.672520583425,1.7940637915429987,train,True,True,2.13.1,10,7,14
h2o-0164,H2O,0.95,1.25,130.0,FCI,sto-3g,-74.87399898193956,-74.94622089165475,-2039.3905643599524,2.0760200150156662,train,True,True,2.13.1,10,7,14
h2o-0165,H2O,0.9572,0.9572,104.52,FCI,sto-3g,-74.96292824643288,-75.01240365883301,-2041.1914892004684,0.2750951744996881,train,True,True,2.13.1,10,7,14
h2o-0166,H2O,1.05,1.05,80.0,FCI,sto-3g,-74.94233384542294,-75.01042957113717,-2041.1377715376934,0.32881283727470506,train,True,True,2.13.1,10,7,14
h2o-0167,H2O,1.05,1.05,85.0,FCI,sto-3g,-74.95011308396109,-75.01691159020217,-2041.314156262125,0.15242811284302604,train,True,True,2.13.1,10,7,14
h2o-0168,H2O,1.05,1.05,90.0,FCI,sto-3g,-74.95533455145697,-75.02088076383397,-2041.4221629788974,0.04442139607067258,train,True,True,2.13.1,10,7,14
h2o-0169,H2O,1.05,1.05,95.0,FCI,sto-3g,-74.95811554864123,-75.02251322002967,-2041.466584374968,0.0,train,True,True,2.13.1,10,7,14
h2o-0170,H2O,1.05,1.05,100.0,FCI,sto-3g,-74.9585857591678,-75.0219688517134,-2041.451771358454,0.014813016514089786,train,True,True,2.13.1,10,7,14
h2o-0171,H2O,1.05,1.05,105.0,FCI,sto-3g,-74.9568823671192,-75.01939468154508,-2041.3817246197411,0.08485975522703529,train,True,True,2.13.1,10,7,14
h2o-0172,H2O,1.05,1.05,110.0,FCI,sto-3g,-74.95314786360265,-75.01492836928546,-2041.2601900717493,0.2063943032188377,train,True,True,2.13.1,10,7,14
h2o-0173,H2O,1.05,1.05,115.0,FCI,sto-3g,-74.94753051096386,-75.00870210681775,-2041.0907648388716,0.3758195360964862,train,True,True,2.13.1,10,7,14
h2o-0174,H2O,1.05,1.05,120.0,FCI,sto-3g,-74.94018721178918,-75.00084701921656,-2040.8770170161597,0.5895673588084306,train,True,True,2.13.1,10,7,14
h2o-0175,H2O,1.05,1.05,125.0,FCI,sto-3g,-74.93128862600916,-74.9914982333513,-2040.6226235930487,0.8439607819193465,train,True,True,2.13.1,10,7,14
h2o-0176,H2O,1.05,1.05,130.0,FCI,sto-3g,-74.92102657701078,-74.98080090879347,-2040.331534562707,1.1350498122610038,train,True,True,2.13.1,10,7,14
h2o-0177,H2O,1.05,1.15,80.0,FCI,sto-3g,-74.92670468565511,-75.00333842967649,-2040.944811748482,0.5217726264861239,train,True,True,2.13.1,10,7,14
h2o-0178,H2O,1.05,1.15,85.0,FCI,sto-3g,-74.9335434823187,-75.00888393917485,-2041.0957127493728,0.3708716255954164,train,True,True,2.13.1,10,7,14
h2o-0179,H2O,1.05,1.15,90.0,FCI,sto-3g,-74.93802517971336,-75.01210770767688,-2041.183435959249,0.2831484157191672,validation,True,True,2.13.1,10,7,14
h2o-0180,H2O,1.05,1.15,95.0,FCI,sto-3g,-74.94022473623318,-75.01315886589913,-2041.2120394316403,0.2545449433277829,train,True,True,2.13.1,10,7,14
h2o-0181,H2O,1.05,1.15,100.0,FCI,sto-3g,-74.9402380451819,-75.01217291708551,-2041.1852103976541,0.28137397731401015,train,True,True,2.13.1,10,7,14
h2o-0182,H2O,1.05,1.15,105.0,FCI,sto-3g,-74.9381734488499,-75.00927375000512,-2041.106320042438,0.36026433253005175,train,True,True,2.13.1,10,7,14
h2o-0183,H2O,1.05,1.15,110.0,FCI,sto-3g,-74.93414715900988,-75.00457623142941,-2040.9784940500767,0.48809032489141485,train,True,True,2.13.1,10,7,14
h2o-0184,H2O,1.05,1.15,115.0,FCI,sto-3g,-74.92828200756199,-74.99818924051712,-2040.8046951734127,0.6618892015553534,train,True,True,2.13.1,10,7,14
h2o-0185,H2O,1.05,1.15,120.0,FCI,sto-3g,-74.9207089470386,-74.99021906818857,-2040.5878157357333,0.8787686392347555,train,True,True,2.13.1,10,7,14
h2o-0186,H2O,1.05,1.15,125.0,FCI,sto-3g,-74.91157098220648,-74.9807732157433,-2040.3307809964226,1.1358033785455433,train,True,True,2.13.1,10,7,14
h2o-0187,H2O,1.05,1.15,130.0,FCI,sto-3g,-74.90102955406346,-74.96996476025288,-2040.03666793935,1.4299164356179188,validation,True,True,2.13.1,10,7,14
h2o-0188,H2O,1.05,1.25,80.0,FCI,sto-3g,-74.90152011354755,-74.98817692507554,-2040.5322461907151,0.9343381842530044,train,True,True,2.13.1,10,7,14
h2o-0189,H2O,1.05,1.25,85.0,FCI,sto-3g,-74.90743455079867,-74.99282767328597,-2040.6587994966021,0.807784878365954,validation,True,True,2.13.1,10,7,14
h2o-0190,H2O,1.05,1.25,90.0,FCI,sto-3g,-74.91121456053044,-74.9953750113992,-2040.7281160979003,0.7384682770676857,train,True,True,2.13.1,10,7,14
h2o-0191,H2O,1.05,1.25,95.0,FCI,sto-3g,-74.91289460362651,-74.99594354636314,-2040.7435867223983,0.7229976525697787,train,True,True,2.13.1,10,7,14
h2o-0192,H2O,1.05,1.25,100.0,FCI,sto-3g,-74.9125380533221,-74.99464675524612,-2040.7082992384328,0.758285136535203,train,True,True,2.13.1,10,7,14
h2o-0193,H2O,1.05,1.25,105.0,FCI,sto-3g,-74.91022561861428,-74.99158813544835,-2040.625069953736,0.8415144212319422,train,True,True,2.13.1,10,7,14
h2o-0194,H2O,1.05,1.25,110.0,FCI,sto-3g,-74.90604859435977,-74.98686312747883,-2040.496495936862,0.9700884381060862,train,True,True,2.13.1,10,7,14
h2o-0195,H2O,1.05,1.25,115.0,FCI,sto-3g,-74.90010592079652,-74.98056142968801,-2040.3250180042705,1.1415663706975154,train,True,True,2.13.1,10,7,14
h2o-0196,H2O,1.05,1.25,120.0,FCI,sto-3g,-74.89250419302988,-74.97276950558562,-2040.112988947921,1.3535954270471287,validation,True,True,2.13.1,10,7,14
h2o-0197,H2O,1.05,1.25,125.0,FCI,sto-3g,-74.88336012097952,-74.96357320786844,-2039.8627449387056,1.6038394362624597,test,True,True,2.13.1,10,7,14
h2o-0198,H2O,1.05,1.25,130.0,FCI,sto-3g,-74.87280534642409,-74.95306052227355,-2039.5766801905004,1.889904184467635,test,True,True,2.13.1,10,7,14
h2o-0199,H2O,1.15,1.15,80.0,FCI,sto-3g,-74.91119055996569,-74.99638540524496,-2040.755610315098,0.7109740598701301,train,True,True,2.13.1,10,7,14
h2o-0200,H2O,1.15,1.15,85.0,FCI,sto-3g,-74.91728482274813,-75.00123336447344,-2040.8875300061686,0.5790543687994119,train,True,True,2.13.1,10,7,14
h2o-0201,H2O,1.15,1.15,90.0,FCI,sto-3g,-74.92119395123234,-75.00390975934356,-2040.9603584207264,0.5062259542417519,test,True,True,2.13.1,10,7,14
h2o-0202,H2O,1.15,1.15,95.0,FCI,sto-3g,-74.92295527156324,-75.00454675004544,-2040.9776918207501,0.488892554217848,test,True,True,2.13.1,10,7,14
h2o-0203,H2O,1.15,1.15,100.0,FCI,sto-3g,-74.92263605341756,-75.00326391885157,-2040.9427842056457,0.5238001693224279,test,True,True,2.13.1,10,7,14
h2o-0204,H2O,1.15,1.15,105.0,FCI,sto-3g,-74.92032107344747,-75.00016952483945,-2040.8585814549845,0.6080029199835875,train,True,True,2.13.1,10,7,14
h2o-0205,H2O,1.15,1.15,110.0,FCI,sto-3g,-74.91610546016321,-74.99536262400824,-2040.7277790198202,0.7388053551478744,train,True,True,2.13.1,10,7,14
h2o-0206,H2O,1.15,1.15,115.0,FCI,sto-3g,-74.91009164840109,-74.98893562551089,-2040.5528914813065,0.9136928936615518,train,True,True,2.13.1,10,7,14
h2o-0207,H2O,1.15,1.15,120.0,FCI,sto-3g,-74.90238947490059,-74.98097707070464,-2040.3363281725137,1.130256202454314,train,True,True,2.13.1,10,7,14
h2o-0208,H2O,1.15,1.15,125.0,FCI,sto-3g,-74.89311885777148,-74.97157457200112,-2040.0804731486148,1.386111226353269,train,True,True,2.13.1,10,7,14
h2o-0209,H2O,1.15,1.15,130.0,FCI,sto-3g,-74.88241494983151,-74.96081795262522,-2039.787770624076,1.6788137508918808,test,True,True,2.13.1,10,7,14
h2o-0210,H2O,1.15,1.25,80.0,FCI,sto-3g,-74.88610963449383,-74.98134285658833,-2040.346281713478,1.1203026614899658,validation,True,True,2.13.1,10,7,14
h2o-0211,H2O,1.15,1.25,85.0,FCI,sto-3g,-74.89143850669309,-74.98549793841562,-2040.4593472499641,1.0072371250038266,validation,True,True,2.13.1,10,7,14
h2o-0212,H2O,1.15,1.25,90.0,FCI,sto-3g,-74.89478246118371,-74.9876634250889,-2040.5182731442412,0.9483112307267348,train,True,True,2.13.1,10,7,14
h2o-0213,H2O,1.15,1.25,95.0,FCI,sto-3g,-74.89614097867535,-74.98795530944128,-2040.526215722093,0.9403686528749979,train,True,True,2.13.1,10,7,14
h2o-0214,H2O,1.15,1.25,100.0,FCI,sto-3g,-74.89555253835093,-74.98647829087083,-2040.4860239992804,0.9805603756877567,train,True,True,2.13.1,10,7,14
h2o-0215,H2O,1.15,1.25,105.0,FCI,sto-3g,-74.8930785099122,-74.98332661964503,-2040.4002626562344,1.0663217187335892,test,True,True,2.13.1,10,7,14
h2o-0216,H2O,1.15,1.25,110.0,FCI,sto-3g,-74.88879353245049,-74.97858593530353,-2040.2712620635477,1.1953223114204257,train,True,True,2.13.1,10,7,14
h2o-0217,H2O,1.15,1.25,115.0,FCI,sto-3g,-74.88278068104736,-74.97233549625086,-2040.1011789522786,1.3654054226894754,train,True,True,2.13.1,10,7,14
h2o-0218,H2O,1.15,1.25,120.0,FCI,sto-3g,-74.8751300968117,-74.96465052239101,-2039.8920601602879,1.5745242146802447,train,True,True,2.13.1,10,7,14
h2o-0219,H2O,1.15,1.25,125.0,FCI,sto-3g,-74.86594027360319,-74.95560453827584,-2039.6459063925547,1.8206779824133585,train,True,True,2.13.1,10,7,14
h2o-0220,H2O,1.15,1.25,130.0,FCI,sto-3g,-74.85532169759438,-74.9452716780105,-2039.3647349408488,2.101849434119247,train,True,True,2.13.1,10,7,14
h2o-0221,H2O,1.25,1.25,80.0,FCI,sto-3g,-74.86109739421904,-74.96638602891731,-2039.9392856987074,1.5272986762606127,train,True,True,2.13.1,10,7,14
h2o-0222,H2O,1.25,1.25,85.0,FCI,sto-3g,-74.86579568412442,-74.97002660587198,-2040.038350844379,1.42823353058895,train,True,True,2.13.1,10,7,14
h2o-0223,H2O,1.25,1.25,90.0,FCI,sto-3g,-74.86869040102607,-74.97182404183881,-2040.0872615687251,1.3793228062429503,train,True,True,2.13.1,10,7,14
h2o-0224,H2O,1.25,1.25,95.0,FCI,sto-3g,-74.86974407984408,-74.9718855014656,-2040.0889339703679,1.3776504046001583,train,True,True,2.13.1,10,7,14
h2o-0225,H2O,1.25,1.25,100.0,FCI,sto-3g,-74.86896897352493,-74.97030698588756,-2040.0459803732788,1.4206040016892993,train,True,True,2.13.1,10,7,14
h2o-0226,H2O,1.25,1.25,105.0,FCI,sto-3g,-74.86640641899723,-74.96717413234936,-2039.9607310855986,1.5058532893694914,train,True,True,2.13.1,10,7,14
h2o-0227,H2O,1.25,1.25,110.0,FCI,sto-3g,-74.86211432038213,-74.962564114813,-2039.8352861178162,1.6312982571519055,train,True,True,2.13.1,10,7,14
h2o-0228,H2O,1.25,1.25,115.0,FCI,sto-3g,-74.85616038802367,-74.95654791113431,-2039.6715768757806,1.7950074991874827,train,True,True,2.13.1,10,7,14
h2o-0229,H2O,1.25,1.25,120.0,FCI,sto-3g,-74.84861934950237,-74.9491926378256,-2039.4714296928325,1.9951546821354365,train,True,True,2.13.1,10,7,14
h2o-0230,H2O,1.25,1.25,125.0,FCI,sto-3g,-74.8395730075699,-74.94056385202494,-2039.2366284695768,2.2299559053912845,train,True,True,2.13.1,10,7,14
h2o-0231,H2O,1.25,1.25,130.0,FCI,sto-3g,-74.82911259900236,-74.93072780692121,-2038.9689760471263,2.497608327841709,train,True,True,2.13.1,10,7,14
